﻿<?xml version="1.0" encoding="utf-8"?>
<UrlList>
    <Url Source="Resources/Images/enter private.png" />
    <Url Source="Resources/Images/private].png" />
    <Url Source="Resources/Images/Ellipsis2.png" />
    <Url Source="Resources/Images/icon.png" />
    <Url Source="Resources/Images/Giphy.png" />
    <Url Source="Resources/Images/emoji.png" />
    <Url Source="Resources/Images/Loop.png" />
    <Url Source="Resources/Images/attach.png" />
    <Url Source="Resources/Images/delivery.png" />
    <Url Source="Resources/Images/Format.png" />
    <Url Source="Resources/Images/Click.png" />
    <Url Source="Resources/Images/manually.png" />
    <Url Source="Resources/Images/main.png" />
    <Url Source="Resources/Images/settings.png" />
    <Url Source="Resources/Images/remove.png" />
    <Url Source="Resources/Images/recfreate'.png" />
    <Url Source="Resources/Images/add.png" />
    <Url Source="Resources/Images/romms parti.png" />
    <Url Source="Resources/Images/Assign.png" />
    <Url Source="Resources/Images/Room option.png" />
</UrlList>