﻿<?xml version="1.0" encoding="utf-8"?>
<CatapultGlobalSkinCache
  SavedSource="file:///C:/Users/Rituparna/OneDrive/Ritu-20220510T171204Z-001/Assignment Wk 7_ Rituparna MCF/New folder/Assignment Wk 7_ Rituparna MCF/Output/Rituparna/Temporary/GlobalSkinSet v.1.xml">
  <Map>
    <Tag
      Name="Header" />
    <Tag
      Name="Menu Item">
      <Class
        Name="2nd Level" />
      <Class
        Name="3rd Level" />
      <Class
        Name="4th Level" />
      <Class
        Name="1st Level" />
      <Class
        Name="Selected" />
    </Tag>
    <Tag
      Name="Search Input" />
    <Tag
      Name="Menu">
      <Class
        Name="1st Level" />
    </Tag>
    <Tag
      Name="Logo" />
    <Tag
      Name="Search Bar" />
    <Tag
      Name="Search Submit Button" />
    <Tag
      Name="Main Page" />
    <Tag
      Name="Menu Item (hover)">
      <Class
        Name="1st Level" />
      <Class
        Name="Selected" />
    </Tag>
    <Tag
      Name="Toolbar" />
    <Tag
      Name="Home Button" />
    <Tag
      Name="Navigation Element">
      <Class
        Name="TOC - Home Page Row" />
      <Class
        Name="Index - Home Page Row" />
      <Class
        Name="Glossary - Home Page Row" />
      <Class
        Name="Browse Sequence - Home Page Row" />
      <Class
        Name="About - Home Page Row" />
      <Class
        Name="TOC Page" />
      <Class
        Name="Index Page" />
      <Class
        Name="Glossary Page Entry" />
      <Class
        Name="Browse Sequence Page" />
      <Class
        Name="Glossary Page Definition" />
      <Class
        Name="Search Results Page" />
    </Tag>
    <Tag
      Name="Item Count">
      <Class
        Name="TOC" />
      <Class
        Name="Index" />
      <Class
        Name="Browse Sequences" />
    </Tag>
    <Tag
      Name="Search Button" />
    <Tag
      Name="Formats" />
    <Tag
      Name="Relationships">
      <Class
        Name="concept" />
      <Class
        Name="task" />
      <Class
        Name="reference" />
    </Tag>
    <Tag
      Name="TocEntry" />
    <Tag
      Name="IndexEntry" />
    <Tag
      Name="IndexEntryPopup" />
    <Tag
      Name="AccordionItem">
      <Class
        Name="IconTray" />
      <Class
        Name="TOC" />
      <Class
        Name="Index" />
      <Class
        Name="Favorites" />
      <Class
        Name="Glossary" />
      <Class
        Name="BrowseSequence" />
      <Class
        Name="Search" />
      <Class
        Name="Community" />
    </Tag>
    <Tag
      Name="ToolbarItem">
      <Class
        Name="AccordionTitle" />
      <Class
        Name="QuickSearch" />
      <Class
        Name="Logo" />
      <Class
        Name="ExpandAll" />
      <Class
        Name="CollapseAll" />
      <Class
        Name="RemoveHighlight" />
      <Class
        Name="Print" />
      <Class
        Name="ToggleNavigationPane" />
      <Class
        Name="Back" />
      <Class
        Name="Forward" />
      <Class
        Name="Home" />
      <Class
        Name="Stop" />
      <Class
        Name="Refresh" />
      <Class
        Name="SelectTOC" />
      <Class
        Name="SelectIndex" />
      <Class
        Name="SelectSearch" />
      <Class
        Name="SelectFavorites" />
      <Class
        Name="SelectGlossary" />
      <Class
        Name="SelectBrowseSequence" />
      <Class
        Name="SelectCommunity" />
      <Class
        Name="AddTopicToFavorites" />
      <Class
        Name="TopicRatings" />
      <Class
        Name="EditUserProfile" />
      <Class
        Name="PreviousTopic" />
      <Class
        Name="NextTopic" />
      <Class
        Name="CurrentTopicIndex" />
      <Class
        Name="Separator" />
      <Class
        Name="SelectLanguage" />
      <Class
        Name="SelectSkin" />
    </Tag>
    <Tag
      Name="Frame">
      <Class
        Name="Toolbar" />
      <Class
        Name="TopicToolbar" />
      <Class
        Name="NavigationTopDivider" />
      <Class
        Name="NavigationDragHandle" />
      <Class
        Name="AccordionTOC" />
      <Class
        Name="AccordionIndex" />
      <Class
        Name="AccordionSearch" />
      <Class
        Name="AccordionGlossary" />
      <Class
        Name="AccordionFavorites" />
      <Class
        Name="AccordionBrowseSequence" />
      <Class
        Name="BodyComments" />
    </Tag>
    <Tag
      Name="Control">
      <Class
        Name="SearchButton" />
      <Class
        Name="SearchBox" />
      <Class
        Name="SearchFiltersLabel" />
      <Class
        Name="SearchUnfilteredLabel" />
      <Class
        Name="SearchFavoritesLabel" />
      <Class
        Name="TopicFavoritesLabel" />
      <Class
        Name="SearchFavoritesDeleteButton" />
      <Class
        Name="TopicFavoritesDeleteButton" />
      <Class
        Name="EmptySearchFavoritesLabel" />
      <Class
        Name="EmptyTopicFavoritesLabel" />
      <Class
        Name="AddSearchToFavoritesButton" />
      <Class
        Name="IndexSearchBox" />
      <Class
        Name="SearchResults" />
      <Class
        Name="Messages" />
      <Class
        Name="CommentsAddButton" />
      <Class
        Name="CommentsReplyButton" />
      <Class
        Name="CommentsRefreshButton" />
      <Class
        Name="CommentNode" />
      <Class
        Name="CommentReplyNode" />
      <Class
        Name="NavigationLinkTop" />
      <Class
        Name="NavigationLinkBottom" />
    </Tag>
    <Tag
      Name="Dialog">
      <Class
        Name="AddComment" />
      <Class
        Name="ReplyComment" />
      <Class
        Name="RegisterUser" />
    </Tag>
  </Map>
  <SourceUrls>
    <Url
      Source="../Project/Skins/HTML5 - Top Navigation.flskn" />
    <Url
      Source="../Project/Skins/SearchHome.flskn" />
    <Url
      Source="../Project/Skins/SearchTopics.flskn" />
    <Url
      Source="../Project/Skins/SideMenu.flskn" />
    <Url
      Source="../Project/Skins/TopicToolBar.flskn" />
    <Url
      Source="../../../../../../../../Program Files/MadCap Software/MadCap Flare 17/Flare.app/Resources/Stylesheets/MasterSkin.xmlstylesdef" />
  </SourceUrls>
</CatapultGlobalSkinCache>