﻿<?xml version="1.0" encoding="utf-8"?>
<RecentLinks>
    <Dialog Name="B3.XmlMdiEditorKit.ImageGeneralDialogPage">
        <Link Value="C:\Users\Rituparna\OneDrive\Ritu-20220510T171204Z-001\Ritu\Tools\Assignment Wk 7_ Rituparna MCF\Content\Resources\Images\enter private.png" />
    </Dialog>
    <Dialog Name="B3.XmlTextKit.InsertCrossReferenceDialog">
        <Link Value="C:\Users\Rituparna\OneDrive\Ritu-20220510T171204Z-001\Assignment Wk 7_ Rituparna MCF\New folder\Assignment Wk 7_ Rituparna MCF\Content\D_More Information\Scenario.htm" />
    </Dialog>
    <Dialog Name="B3.XmlTextKit.InsertHyperlinkDialog">
        <Link Value="C:\Users\Rituparna\OneDrive\Ritu-20220510T171204Z-001\Assignment Wk 7_ Rituparna MCF\New folder\Assignment Wk 7_ Rituparna MCF\Content\D_MoreInformation\FAQs.htm" />
    </Dialog>
</RecentLinks>